delete from games;

------------------------------------RESOURCES
delete from sounds where name = 'SOUND_CARDEJECT';
delete from sounds where name = 'SOUND_RATCHET';

delete from map where op like 'S06_MAN%';
delete from map where op like 'S06_COMP%';
delete from map where op like 'S06_CHEM%';

drop table if exists cardmach;
-- 'id' is used by the card index cartridge on the card disbursement machine in the city.
create table cardmach (id text, card text, object text, chem1 text, chem2 text, cost text);
insert into cardmach values
( 0, 'IDD_CARD00' ,'IDD_BAIT6',   'IDD_CHEMV02', 'IDD_CHEMV01', 2 ),
( 1, 'IDD_CARD01' ,'IDD_BAIT7',   'IDD_CHEMV04', 'IDD_CHEMV03', 2 ),
( 2, 'IDD_CARD02' ,'IDD_VIAL1',   'IDD_CHEMV03', 'IDD_CHEMV04', 2 ),
( 3, 'IDD_CARD03' ,'IDD_BUCKE',   'IDD_CHEMV06', 'IDD_CHEMV05', 2 ),
( 4, 'IDD_CARD04' ,'IDD_POLE1',   'IDD_CHEMV05', 'IDD_CHEMV06', 2 ),
( 5, 'IDD_CARD05' ,'IDD_PICK',    'IDD_CHEMV08', 'IDD_CHEMV07', 2 ),
( 6, 'IDD_CARD06' ,'IDD_HAMMER',  'IDD_CHEMV07', 'IDD_CHEMV08', 3 ),
( 7, 'IDD_CARD07' ,'IDD_SHOVEL',  'IDD_CHEMV10', 'IDD_CHEMV09', 3 ),
( 8, 'IDD_CARD08' ,'IDD_CROWBAR', 'IDD_CHEMV09', 'IDD_CHEMV10', 3 ),
( 9, 'IDD_CARD09' ,'IDD_VIAL2',   'IDD_CHEMV12', 'IDD_CHEMV11', 3 ),
(10, 'IDD_CARD10' ,'IDD_BOMB2',   'IDD_CHEMV11', 'IDD_CHEMV12', 3 ),
(11, 'IDD_CARD11' ,'IDD_CLOCK',   'IDD_CHEMV14', 'IDD_CHEMV13', 3 ),
(12, 'IDD_CARD12' ,'IDD_LAVA',    'IDD_CHEMV13', 'IDD_CHEMV02', 4 ),
(13, 'IDD_CARD13' ,'IDD_LAMP',    'IDD_CHEMV15', 'IDD_CHEMV11', 4 ),
(14, 'IDD_CARD14' ,'IDD_BOMB1',   'IDD_CHEMV16', 'IDD_CHEMV12', 4 ),
(15, 'IDD_CARD15' ,'IDD_LIGHTER', 'IDD_CHEMV17', 'IDD_CHEMV13', 4 ),
(16, 'IDD_CARD16' ,'IDD_SHAKE',   'IDD_CHEMV18', 'IDD_CHEMV14', 4 ),
(17, 'IDD_CARD17' ,'IDD_FAN',     'IDD_CHEMV13', 'IDD_CHEMV15', 4 ),
(18, 'IDD_CARD18' ,'IDD_HOLDING', 'IDD_CHEMV03', 'IDD_CHEMV15', 4 ),
(19, 'IDD_CARD19' ,'IDD_DICE',    'IDD_CHEMV04', 'IDD_CHEMV16', 4 ),
(20, 'IDD_CARD20' ,'IDD_BAIT5',   'IDD_CHEMV05', 'IDD_CHEMV17', 4 ),
(21, 'IDD_CARD21' ,'IDD_SICKLE',  'IDD_CHEMV06', 'IDD_CHEMV18', 4 ),
(22, 'IDD_CARD22' ,'IDD_STALKER', 'IDD_CHEMV07', 'IDD_CHEMV19', 5 ),
(23, 'IDD_CARD23' ,'IDD_ALARM',   'IDD_CHEMV08', 'IDD_CHEMV20', 6 ),
(24, 'IDD_CARD24' ,'IDD_H2OMASK', 'IDD_CHEMV09', 'IDD_CHEMV20', 6 ),
(30, 'IDD_CARD30' ,'IDD_MEMFUSE', 'IDD_CHEMV17', 'IDD_CHEMV19', 7 );

INSERT INTO "main"."map" ("op", "key", "value")
VALUES 
('S06_CHEMFILMSTRIP','IDD_CHEMV01', '0'),
('S06_CHEMFILMSTRIP','IDD_CHEMV02', '1'),
('S06_CHEMFILMSTRIP','IDD_CHEMV03', '2'),
('S06_CHEMFILMSTRIP','IDD_CHEMV04', '3'),
('S06_CHEMFILMSTRIP','IDD_CHEMV05', '4'),
('S06_CHEMFILMSTRIP','IDD_CHEMV06', '5'),
('S06_CHEMFILMSTRIP','IDD_CHEMV07', '6'),
('S06_CHEMFILMSTRIP','IDD_CHEMV08', '7'),
('S06_CHEMFILMSTRIP','IDD_CHEMV09', '8'),
('S06_CHEMFILMSTRIP','IDD_CHEMV10', '9'),
('S06_CHEMFILMSTRIP','IDD_CHEMV11','10'),
('S06_CHEMFILMSTRIP','IDD_CHEMV12','11'),
('S06_CHEMFILMSTRIP','IDD_CHEMV13','12'),
('S06_CHEMFILMSTRIP','IDD_CHEMV14','13'),
('S06_CHEMFILMSTRIP','IDD_CHEMV15','14'),
('S06_CHEMFILMSTRIP','IDD_CHEMV16','15'),
('S06_CHEMFILMSTRIP','IDD_CHEMV17','16'),
('S06_CHEMFILMSTRIP','IDD_CHEMV18','17'),
('S06_CHEMFILMSTRIP','IDD_CHEMV19','18'),
('S06_CHEMFILMSTRIP','IDD_CHEMV20','19');

delete from map where op like 'S06_CARD_INDEX%';

delete from map where op like 'S06_TEMP_INDEX%';
INSERT INTO "main"."map" ("op", "key", "value")
VALUES 
('S06_TEMP_INDEX','IDD_TEMPLATE_00','0'),
('S06_TEMP_INDEX','IDD_TEMPLATE_01','1'),
('S06_TEMP_INDEX','IDD_TEMPLATE_02','2'),
('S06_TEMP_INDEX','IDD_TEMPLATE_03','3'),
('S06_TEMP_INDEX','IDD_TEMPLATE_04','4'),
('S06_TEMP_INDEX','IDD_TEMPLATE_05','5'),
('S06_TEMP_INDEX','IDD_TEMPLATE_06','6'),
('S06_TEMP_INDEX','IDD_TEMPLATE_07','7'),
('S06_TEMP_INDEX','IDD_TEMPLATE_08','8'),
('S06_TEMP_INDEX','IDD_TEMPLATE_09','9'),
('S06_TEMP_INDEX','IDD_TEMPLATE_10','10'),
('S06_TEMP_INDEX','IDD_TEMPLATE_11','11'),
('S06_TEMP_INDEX','IDD_TEMPLATE_12','12'),
('S06_TEMP_INDEX','IDD_TEMPLATE_13','13'),
('S06_TEMP_INDEX','IDD_TEMPLATE_14','14'),
('S06_TEMP_INDEX','IDD_TEMPLATE_15','15'),
('S06_TEMP_INDEX','IDD_TEMPLATE_16','16'),
('S06_TEMP_INDEX','IDD_TEMPLATE_17','17'),
('S06_TEMP_INDEX','IDD_TEMPLATE_18','18'),
('S06_TEMP_INDEX','IDD_TEMPLATE_19','19'),
('S06_TEMP_INDEX','IDD_TEMPLATE_20','20'),
('S06_TEMP_INDEX','IDD_TEMPLATE_21','21'),
('S06_TEMP_INDEX','IDD_TEMPLATE_22','22'),
('S06_TEMP_INDEX','IDD_TEMPLATE_23','23'),
('S06_TEMP_INDEX','IDD_TEMPLATE_24','24'),
('S06_TEMP_INDEX','IDD_TEMPLATE_25','25'),
('S06_TEMP_INDEX','IDD_TEMPLATE_26','26'),
('S06_TEMP_INDEX','IDD_TEMPLATE_27','27'),
('S06_TEMP_INDEX','IDD_TEMPLATE_28','28'),
('S06_TEMP_INDEX','IDD_TEMPLATE_29','29'),
('S06_TEMP_INDEX','IDD_TEMPLATE_30','30'),
('S06_TEMP_INDEX','IDD_TEMPLAT_31','31'),
('S06_TEMP_INDEX','IDD_TEMPLATE_32','32'),
('S06_TEMP_INDEX','IDD_TEMPLATE_33','33'),
('S06_TEMP_INDEX','IDD_TEMPLATE_34','34'),
('S06_TEMP_INDEX','IDD_TEMPLATE_35','35');

INSERT INTO "main"."sounds" ("name", "value", "id") 
VALUES 
('SOUND_CARDEJECT', 'cardeject', '31'),
('SOUND_RATCHET', 'ratchet', '32');

delete from spr_names where name like 'IDS_CARD%';
insert into spr_names (name, value) values ('IDS_CARDANI','CARDANI');

delete from objects where object = 'IDD_VIAL1';
delete from objects where object = 'IDD_HAMMER';
delete from objects where object = 'IDD_VIAL2';
delete from objects where object = 'IDD_CLOCK';
delete from objects where object = 'IDD_LAVA';
delete from objects where object = 'IDD_LAMP';
delete from objects where object = 'IDD_VASE';
delete from objects where object = 'IDD_STATUE';
delete from objects where object = 'IDD_PORTRAIT';
delete from objects where object = 'IDD_FAN';
delete from objects where object = 'IDD_GASMASK';
delete from objects where object = 'IDD_VIAL3';

delete from objects where [object] like 'IDD_CARD%';
insert into objects ([object],[class],[icon],[cursor],[actor]) values
('IDD_CARD00','IDC_CARD','CARD00','CARD00','CARD00'),
('IDD_CARD01','IDC_CARD','CARD01','CARD01','CARD01'),
('IDD_CARD02','IDC_CARD','CARD02','CARD02','CARD02'),
('IDD_CARD03','IDC_CARD','CARD03','CARD03','CARD03'),
('IDD_CARD04','IDC_CARD','CARD04','CARD04','CARD04'),
('IDD_CARD05','IDC_CARD','CARD05','CARD05','CARD05'),
('IDD_CARD06','IDC_CARD','CARD06','CARD06','CARD06'),
('IDD_CARD07','IDC_CARD','CARD07','CARD07','CARD07'),
('IDD_CARD08','IDC_CARD','CARD08','CARD08','CARD08'),
('IDD_CARD09','IDC_CARD','CARD09','CARD09','CARD09'),
('IDD_CARD10','IDC_CARD','CARD10','CARD10','CARD10'),
('IDD_CARD11','IDC_CARD','CARD11','CARD11','CARD11'),
('IDD_CARD12','IDC_CARD','CARD12','CARD12','CARD12'),
('IDD_CARD13','IDC_CARD','CARD13','CARD13','CARD13'),
('IDD_CARD14','IDC_CARD','CARD14','CARD14','CARD14'),
('IDD_CARD15','IDC_CARD','CARD15','CARD15','CARD15'),
('IDD_CARD16','IDC_CARD','CARD16','CARD16','CARD16'),
('IDD_CARD17','IDC_CARD','CARD17','CARD17','CARD17'),
('IDD_CARD18','IDC_CARD','CARD18','CARD18','CARD18'),
('IDD_CARD19','IDC_CARD','CARD19','CARD19','CARD19'),
('IDD_CARD20','IDC_CARD','CARD20','CARD20','CARD20'),
('IDD_CARD21','IDC_CARD','CARD21','CARD21','CARD21'),
('IDD_CARD22','IDC_CARD','CARD22','CARD22','CARD22'),
('IDD_CARD23','IDC_CARD','CARD23','CARD23','CARD23'),
('IDD_CARD24','IDC_CARD','CARD24','CARD24','CARD24'),
('IDD_CARD25','IDC_CARD','CARD25','CARD25','CARD25'),
('IDD_CARD26','IDC_CARD','CARD26','CARD26','CARD26'),
('IDD_CARD27','IDC_CARD','CARD27','CARD27','CARD27'),
('IDD_CARD28','IDC_CARD','CARD28','CARD28','CARD28'),
('IDD_CARD29','IDC_CARD','CARD29','CARD29','CARD29'),
('IDD_CARD30','IDC_CARD','CARD30','CARD30','CARD30'),

('IDD_HAMMER',  'IDC_NULL','HAMMER','HAMMER','HAMMER'),
('IDD_VIAL2',   'IDC_NULL','VIAL2','VIAL2','VIAL2'),
('IDD_CLOCK',   'IDC_NULL','CLOCK','CLOCK','CLOCK'),
('IDD_LAVA',    'IDC_NULL','LAVA','LAVA','LAVA'),
('IDD_LAMP',    'IDC_NULL','LAMP','LAMP','LAMP'),
('IDD_VASE',    'IDC_NULL','VASE1','VASE1','VASE1'),
('IDD_STATUE',  'IDC_STATUE','STATUE','STATUE','STATUE'),
('IDD_PORTRAIT','IDC_NULL','PORT','PORT','PORT'),
('IDD_FAN',     'IDC_NULL','FAN','FAN','FAN'),
('IDD_GASMASK', 'IDC_NULL','H20MASK','H20MASK','H20MASK'),
('IDD_VIAL3',   'IDC_NULL','VIAL3','VIAL3','VIAL3'),
('IDD_VIAL1',   'IDC_NULL','VIAL1','VIAL1','VIAL1');

------------------ Machines and DFAs below

delete from machines where [name] like 'S06_CARD_EJECT%';
delete from machines where [name] like 'S06_TEMPL_EJECT%';
delete from machines where [name] like 'S06_CYCLE%';
delete from machines where [name] like 'S06_PEZ%';
delete from transitions where [automaton] like 'M06_EJECT%';
delete from transitions where [automaton] like 'M06_TEMPL%';
delete from transitions where [automaton] like 'M06_CYCLE%';

INSERT INTO "main"."machines" ("id", "name", "view_id", "view_name", "left", "top", "right", "bottom", "local_visible", "dfa_name", "wip1_name", "wip2_name", "wip3_name", "wip4_name") 
VALUES 
--THERE ARE 6 CARD MACHINES (IDV_CARDMACH1-6 1568-1573)
('1650', 'S06_CARD_EJECT_BTN_1', '1568', 'IDV_CARDMACH1', '305', '206', '340', '223', '0','M06_EJECT_CARD_BTN','S06_CARD_EJECT_ANIM_1','','',''),
('1651', 'S06_CARD_EJECT_ANIM_1', '1568', 'IDV_CARDMACH1', '293', '225', '340', '300', '0','M06_EJECT_CARD_ANIM','S06_CYCLE_VIEWER_1','','',''),
('1652', 'S06_TEMPL_EJECT_BTN_1', '1568', 'IDV_CARDMACH1', '131', '207', '165', '223', '0','M06_TEMPL_EJECT_BTN','S06_TEMPL_EJECT_ANIM_1','','',''),
('1653', 'S06_TEMPL_EJECT_ANIM_1', '1568', 'IDV_CARDMACH1', '96', '230', '200', '300', '0','M06_EJECT_TEMPL_ANIM','S06_CYCLE_COMP1_1','S06_CYCLE_COMP2_1','S06_CYCLE_COMP3_1','S06_CYCLE_VIEWER_1'), --
('1654', 'S06_CYCLE_TEMPL_BTNUP_1', '1568', 'IDV_CARDMACH1', '196', '216', '212', '232', '0','M06_CYCLE_TEMPL_UP_BTN','S06_CYCLE_TEMPL_ANIM_1','','',''),
('1655', 'S06_CYCLE_TEMPL_BTNDN_1', '1568', 'IDV_CARDMACH1', '196', '233', '212', '248', '0','M06_CYCLE_TEMPL_DN_BTN','S06_CYCLE_TEMPL_ANIM_1','','',''),
('1658', 'S06_CYCLE_TEMPL_ANIM_1', '1568', 'IDV_CARDMACH1', '100', '250', '200', '300', '0','M06_CYCLE_TEMPL_ANIM','S06_CYCLE_VIEWER_1','','',''),
('1659', 'S06_CYCLE_VIEWER_1', '1568', 'IDV_CARDMACH1', '40', '75', '100', '125', '0','M06_CYCLE_VIEW','S06_CYCLE_COMP1_1','S06_CYCLE_COMP2_1','S06_CYCLE_COMP3_1','S06_TEMPL_EJECT_ANIM_1'),
('1660', 'S06_CYCLE_COMP1_1', '1568', 'IDV_CARDMACH1', '170', '23', '226', '72', '0','M06_CYCLE_COMP1','S06_CYCLE_VIEWER_1','','',''),
('1661', 'S06_CYCLE_COMP2_1', '1568', 'IDV_CARDMACH1', '233', '23', '287', '72', '0','M06_CYCLE_COMP2','S06_CYCLE_VIEWER_1','','',''),
('1662', 'S06_CYCLE_COMP3_1', '1568', 'IDV_CARDMACH1', '207', '90', '256', '166', '0','M06_CYCLE_COMP3','S06_CYCLE_VIEWER_1','','',''),

('1663', 'S06_CARD_EJECT_BTN_2', '1569', 'IDV_CARDMACH2', '305', '206', '340', '223', '0','M06_EJECT_CARD_BTN','S06_CARD_EJECT_ANIM_2','','',''),
('1664', 'S06_CARD_EJECT_ANIM_2', '1569', 'IDV_CARDMACH2', '293', '225', '340', '300', '0','M06_EJECT_CARD_ANIM','S06_CYCLE_VIEWER_2','','',''),
('1665', 'S06_TEMPL_EJECT_BTN_2', '1569', 'IDV_CARDMACH2', '131', '207', '165', '223', '0','M06_TEMPL_EJECT_BTN','S06_TEMPL_EJECT_ANIM_2','','',''),
('1666', 'S06_TEMPL_EJECT_ANIM_2', '1569', 'IDV_CARDMACH2', '96', '230', '200', '300', '0','M06_EJECT_TEMPL_ANIM','S06_CYCLE_COMP1_2','S06_CYCLE_COMP2_2','S06_CYCLE_COMP3_2','S06_CYCLE_VIEWER_2'), --
('1667', 'S06_CYCLE_TEMPL_BTNUP_2', '1569', 'IDV_CARDMACH2', '196', '216', '212', '232', '0','M06_CYCLE_TEMPL_UP_BTN','S06_CYCLE_TEMPL_ANIM_2','','',''),
('1668', 'S06_CYCLE_TEMPL_BTNDN_2', '1569', 'IDV_CARDMACH2', '196', '233', '212', '248', '0','M06_CYCLE_TEMPL_DN_BTN','S06_CYCLE_TEMPL_ANIM_2','','',''),
('1669', 'S06_CYCLE_TEMPL_ANIM_2', '1569', 'IDV_CARDMACH2', '100', '250', '200', '300', '0','M06_CYCLE_TEMPL_ANIM','S06_CYCLE_VIEWER_2','','',''),
('1670', 'S06_CYCLE_VIEWER_2', '1569', 'IDV_CARDMACH2', '40', '75', '100', '125', '0','M06_CYCLE_VIEW','S06_CYCLE_COMP1_2','S06_CYCLE_COMP2_2','S06_CYCLE_COMP3_2','S06_TEMPL_EJECT_ANIM_2'),
('1671', 'S06_CYCLE_COMP1_2', '1569', 'IDV_CARDMACH2', '170', '23', '226', '72', '0','M06_CYCLE_COMP1','S06_CYCLE_VIEWER_2','','',''),
('1672', 'S06_CYCLE_COMP2_2', '1569', 'IDV_CARDMACH2', '233', '23', '287', '72', '0','M06_CYCLE_COMP2','S06_CYCLE_VIEWER_2','','',''),
('1673', 'S06_CYCLE_COMP3_2', '1569', 'IDV_CARDMACH2', '207', '90', '256', '166', '0','M06_CYCLE_COMP3','S06_CYCLE_VIEWER_2','','',''),

('1674', 'S06_CARD_EJECT_BTN_3', '1570', 'IDV_CARDMACH3', '305', '206', '340', '223', '0','M06_EJECT_CARD_BTN','S06_CARD_EJECT_ANIM_3','','',''),
('1675', 'S06_CARD_EJECT_ANIM_3', '1570', 'IDV_CARDMACH3', '293', '225', '340', '300', '0','M06_EJECT_CARD_ANIM','S06_CYCLE_VIEWER_3','','',''),
('1676', 'S06_TEMPL_EJECT_BTN_3', '1570', 'IDV_CARDMACH3', '131', '207', '165', '223', '0','M06_TEMPL_EJECT_BTN','S06_TEMPL_EJECT_ANIM_3','','',''),
('1677', 'S06_TEMPL_EJECT_ANIM_3', '1570', 'IDV_CARDMACH3', '96', '230', '200', '300', '0','M06_EJECT_TEMPL_ANIM','S06_CYCLE_COMP1_3','S06_CYCLE_COMP2_3','S06_CYCLE_COMP3_3','S06_CYCLE_VIEWER_3'), --
('1678', 'S06_CYCLE_TEMPL_BTNUP_3', '1570', 'IDV_CARDMACH3', '196', '216', '212', '232', '0','M06_CYCLE_TEMPL_UP_BTN','S06_CYCLE_TEMPL_ANIM_3','','',''),
('1679', 'S06_CYCLE_TEMPL_BTNDN_3', '1570', 'IDV_CARDMACH3', '196', '233', '212', '248', '0','M06_CYCLE_TEMPL_DN_BTN','S06_CYCLE_TEMPL_ANIM_3','','',''),
('1680', 'S06_CYCLE_TEMPL_ANIM_3', '1570', 'IDV_CARDMACH3', '100', '250', '200', '300', '0','M06_CYCLE_TEMPL_ANIM','S06_CYCLE_VIEWER_3','','',''),
('1681', 'S06_CYCLE_VIEWER_3', '1570', 'IDV_CARDMACH3', '40', '75', '100', '125', '0','M06_CYCLE_VIEW','S06_CYCLE_COMP1_3','S06_CYCLE_COMP2_3','S06_CYCLE_COMP3_3','S06_TEMPL_EJECT_ANIM_3'),
('1682', 'S06_CYCLE_COMP1_3', '1570', 'IDV_CARDMACH3', '170', '23', '226', '72', '0','M06_CYCLE_COMP1','S06_CYCLE_VIEWER_3','','',''),
('1683', 'S06_CYCLE_COMP2_3', '1570', 'IDV_CARDMACH3', '233', '23', '287', '72', '0','M06_CYCLE_COMP2','S06_CYCLE_VIEWER_3','','',''),
('1684', 'S06_CYCLE_COMP3_3', '1570', 'IDV_CARDMACH3', '207', '90', '256', '166', '0','M06_CYCLE_COMP3','S06_CYCLE_VIEWER_3','','',''),

('1685', 'S06_CARD_EJECT_BTN_4', '1571', 'IDV_CARDMACH4', '305', '206', '340', '223', '0','M06_EJECT_CARD_BTN','S06_CARD_EJECT_ANIM_4','','',''),
('1686', 'S06_CARD_EJECT_ANIM_4', '1571', 'IDV_CARDMACH4', '293', '225', '340', '300', '0','M06_EJECT_CARD_ANIM','S06_CYCLE_VIEWER_4','','',''),
('1687', 'S06_TEMPL_EJECT_BTN_4', '1571', 'IDV_CARDMACH4', '131', '207', '165', '223', '0','M06_TEMPL_EJECT_BTN','S06_TEMPL_EJECT_ANIM_4','','',''),
('1688', 'S06_TEMPL_EJECT_ANIM_4', '1571', 'IDV_CARDMACH4', '96', '230', '200', '300', '0','M06_EJECT_TEMPL_ANIM','S06_CYCLE_COMP1_4','S06_CYCLE_COMP2_4','S06_CYCLE_COMP3_4','S06_CYCLE_VIEWER_4'), --
('1689', 'S06_CYCLE_TEMPL_BTNUP_4', '1571', 'IDV_CARDMACH4', '196', '216', '212', '232', '0','M06_CYCLE_TEMPL_UP_BTN','S06_CYCLE_TEMPL_ANIM_4','','',''),
('1690', 'S06_CYCLE_TEMPL_BTNDN_4', '1571', 'IDV_CARDMACH4', '196', '233', '212', '248', '0','M06_CYCLE_TEMPL_DN_BTN','S06_CYCLE_TEMPL_ANIM_4','','',''),
('1691', 'S06_CYCLE_TEMPL_ANIM_4', '1571', 'IDV_CARDMACH4', '100', '250', '200', '300', '0','M06_CYCLE_TEMPL_ANIM','S06_CYCLE_VIEWER_4','','',''),
('1692', 'S06_CYCLE_VIEWER_4', '1571', 'IDV_CARDMACH4', '40', '75', '100', '125', '0','M06_CYCLE_VIEW','S06_CYCLE_COMP1_4','S06_CYCLE_COMP2_4','S06_CYCLE_COMP3_4','S06_TEMPL_EJECT_ANIM_4'),
('1693', 'S06_CYCLE_COMP1_4', '1571', 'IDV_CARDMACH4', '170', '23', '226', '72', '0','M06_CYCLE_COMP1','S06_CYCLE_VIEWER_4','','',''),
('1694', 'S06_CYCLE_COMP2_4', '1571', 'IDV_CARDMACH4', '233', '23', '287', '72', '0','M06_CYCLE_COMP2','S06_CYCLE_VIEWER_4','','',''),
('1695', 'S06_CYCLE_COMP3_4', '1571', 'IDV_CARDMACH4', '207', '90', '256', '166', '0','M06_CYCLE_COMP3','S06_CYCLE_VIEWER_4','','',''),

('1696', 'S06_CARD_EJECT_BTN_5', '1572', 'IDV_CARDMACH5', '305', '206', '340', '223', '0','M06_EJECT_CARD_BTN','S06_CARD_EJECT_ANIM_5','','',''),
('1697', 'S06_CARD_EJECT_ANIM_5', '1572', 'IDV_CARDMACH5', '293', '225', '340', '300', '0','M06_EJECT_CARD_ANIM','S06_CYCLE_VIEWER_5','','',''),
('1698', 'S06_TEMPL_EJECT_BTN_5', '1572', 'IDV_CARDMACH5', '131', '207', '165', '223', '0','M06_TEMPL_EJECT_BTN','S06_TEMPL_EJECT_ANIM_5','','',''),
('1699', 'S06_TEMPL_EJECT_ANIM_5', '1572', 'IDV_CARDMACH5', '96', '230', '200', '300', '0','M06_EJECT_TEMPL_ANIM','S06_CYCLE_COMP1_5','S06_CYCLE_COMP2_5','S06_CYCLE_COMP3_5','S06_CYCLE_VIEWER_5'), --
('1700', 'S06_CYCLE_TEMPL_BTNUP_5', '1572', 'IDV_CARDMACH5', '196', '216', '212', '232', '0','M06_CYCLE_TEMPL_UP_BTN','S06_CYCLE_TEMPL_ANIM_5','','',''),
('1701', 'S06_CYCLE_TEMPL_BTNDN_5', '1572', 'IDV_CARDMACH5', '196', '233', '212', '248', '0','M06_CYCLE_TEMPL_DN_BTN','S06_CYCLE_TEMPL_ANIM_5','','',''),
('1702', 'S06_CYCLE_TEMPL_ANIM_5', '1572', 'IDV_CARDMACH5', '100', '250', '200', '300', '0','M06_CYCLE_TEMPL_ANIM','S06_CYCLE_VIEWER_5','','',''),
('1703', 'S06_CYCLE_VIEWER_5', '1572', 'IDV_CARDMACH5', '40', '75', '100', '125', '0','M06_CYCLE_VIEW','S06_CYCLE_COMP1_5','S06_CYCLE_COMP2_5','S06_CYCLE_COMP3_5','S06_TEMPL_EJECT_ANIM_5'),
('1704', 'S06_CYCLE_COMP1_5', '1572', 'IDV_CARDMACH5', '170', '23', '226', '72', '0','M06_CYCLE_COMP1','S06_CYCLE_VIEWER_5','','',''),
('1705', 'S06_CYCLE_COMP2_5', '1572', 'IDV_CARDMACH5', '233', '23', '287', '72', '0','M06_CYCLE_COMP2','S06_CYCLE_VIEWER_5','','',''),
('1706', 'S06_CYCLE_COMP3_5', '1572', 'IDV_CARDMACH5', '207', '90', '256', '166', '0','M06_CYCLE_COMP3','S06_CYCLE_VIEWER_5','','',''),

('1707', 'S06_CARD_EJECT_BTN_6', '1573', 'IDV_CARDMACH6', '305', '206', '340', '223', '0','M06_EJECT_CARD_BTN','S06_CARD_EJECT_ANIM_6','','',''),
('1708', 'S06_CARD_EJECT_ANIM_6', '1573', 'IDV_CARDMACH6', '293', '225', '340', '300', '0','M06_EJECT_CARD_ANIM','S06_CYCLE_VIEWER_6','','',''),
('1709', 'S06_TEMPL_EJECT_BTN_6', '1573', 'IDV_CARDMACH6', '131', '207', '165', '223', '0','M06_TEMPL_EJECT_BTN','S06_TEMPL_EJECT_ANIM_6','','',''),
('1710', 'S06_TEMPL_EJECT_ANIM_6', '1573', 'IDV_CARDMACH6', '96', '230', '200', '300', '0','M06_EJECT_TEMPL_ANIM','S06_CYCLE_COMP1_6','S06_CYCLE_COMP2_6','S06_CYCLE_COMP3_6','S06_CYCLE_VIEWER_6'), --
('1711', 'S06_CYCLE_TEMPL_BTNUP_6', '1573', 'IDV_CARDMACH6', '196', '216', '212', '232', '0','M06_CYCLE_TEMPL_UP_BTN','S06_CYCLE_TEMPL_ANIM_6','','',''),
('1712', 'S06_CYCLE_TEMPL_BTNDN_6', '1573', 'IDV_CARDMACH6', '196', '233', '212', '248', '0','M06_CYCLE_TEMPL_DN_BTN','S06_CYCLE_TEMPL_ANIM_6','','',''),
('1713', 'S06_CYCLE_TEMPL_ANIM_6', '1573', 'IDV_CARDMACH6', '100', '250', '200', '300', '0','M06_CYCLE_TEMPL_ANIM','S06_CYCLE_VIEWER_6','','',''),
('1714', 'S06_CYCLE_VIEWER_6', '1573', 'IDV_CARDMACH6', '40', '75', '100', '125', '0','M06_CYCLE_VIEW','S06_CYCLE_COMP1_6','S06_CYCLE_COMP2_6','S06_CYCLE_COMP3_6','S06_TEMPL_EJECT_ANIM_6'),
('1715', 'S06_CYCLE_COMP1_6', '1573', 'IDV_CARDMACH6', '170', '23', '226', '72', '0','M06_CYCLE_COMP1','S06_CYCLE_VIEWER_6','','',''),
('1716', 'S06_CYCLE_COMP2_6', '1573', 'IDV_CARDMACH6', '233', '23', '287', '72', '0','M06_CYCLE_COMP2','S06_CYCLE_VIEWER_6','','',''),
('1717', 'S06_CYCLE_COMP3_6', '1573', 'IDV_CARDMACH6', '207', '90', '256', '166', '0','M06_CYCLE_COMP3','S06_CYCLE_VIEWER_6','','','');

INSERT INTO "main"."transitions" ("automaton", "state", "new_state", "opcode", "param_1", "param_2", "code")
VALUES 
('M06_EJECT_CARD_BTN','0', '0', 'CLICK', '', '', 'PLAYWAVE(SOUND_CLICK);SIGNAL(WIP1, SIG_EJECT);'),
------------------------------
('M06_EJECT_CARD_ANIM','0', '20', 'WAIT', '', 'SIG_EJECT','
SHOW(0,IDS_CARDANI);
ANIMATE(0);
PLAYWAVE(SOUND_CARDEJECT);
REF_MACHINE(WIP1);
predicate cardmach(id,card);
cardmach(R_WPARM,?WOBJECT);
'),

('M06_EJECT_CARD_ANIM', '20', '0', 'GRAB', 'WOBJECT', '', 'CLEAR(WSPRITE); SHOW(0);'),
------------------------------
('M06_CYCLE_TEMPL_UP_BTN','0', '0', 'CLICK', '', '',
'PLAYWAVE(SOUND_CLICK);
SIGNAL(WIP1,SIG_INC1);'),
------------------------------
('M06_CYCLE_TEMPL_DN_BTN','0', '0', 'CLICK', '', '',
'PLAYWAVE(SOUND_CLICK);
SIGNAL(WIP1,SIG_DEC1);'),
------------------------------
('M06_CYCLE_TEMPL_ANIM','0', '0', 'WAIT', '', 'SIG_INC1', 
'SHOW(0,IDS_MACHANI);
ANIMATE();
PLAYWAVE(SOUND_RATCHET);
SIGNAL(WIP1,SIG_INC1);'),
('M06_CYCLE_TEMPL_ANIM','0', '0', 'WAIT', '', 'SIG_DEC1',
'SHOW(0,IDS_MACHANI);
ANIMATE(0,V_REVERSE);
PLAYWAVE(SOUND_RATCHET);
SIGNAL(WIP1,SIG_DEC1);'),
------------------------------
('M06_CYCLE_VIEW','0', '1', 'Z_EPSILON','','',
'WPARM=0;
SIGNAL(WIP1,SIG_DEC1);
SIGNAL(WIP2,SIG_DEC1);
SIGNAL(WIP3,SIG_DEC1);'),
('M06_CYCLE_VIEW','1', '2', 'Z_EPSILON','','',
'predicate cardmach(id,object);
cardmach(WPARM,?WOBJECT);
ASHOW(WOBJECT);
'),
('M06_CYCLE_VIEW','2', '1', 'WAIT', '', 'SIG_INC1',
'WPARM = WPARM + 1;
if (WPARM > 24) {WPARM=0;}
SIGNAL(WIP1,SIG_INC1);
SIGNAL(WIP2,SIG_INC1);
SIGNAL(WIP3,SIG_INC1);'),
('M06_CYCLE_VIEW','2', '1', 'WAIT', '', 'SIG_DEC1',
'SUBI(WPARM,1);
if (WPARM<0) {WPARM=24;}
SIGNAL(WIP1,SIG_DEC1);
SIGNAL(WIP2,SIG_DEC1);
SIGNAL(WIP3,SIG_DEC1);'),
('M06_CYCLE_VIEW','2', '1', 'WAIT', '', 'SIG_SHOW',
'REF_MACHINE(WIP4);
WPARM=R_WPARM;'),
 
--  M06_CYCLE_COMP1  ----------------------------
('M06_CYCLE_COMP1','0', '10', 'WAIT', '', 'SIG_INC1', ''),
('M06_CYCLE_COMP1','0', '10', 'WAIT', '', 'SIG_DEC1', ''), 
('M06_CYCLE_COMP1','0', '10', 'WAIT', '', 'SIG_SHOW', ''),

('M06_CYCLE_COMP1','10', '0', 'Z_EPSILON','','',
'REF_MACHINE(WIP1);
predicate cardmach(id,chem1);
cardmach(R_WPARM,?BFRAME);
MAPi(BFRAME,S06_CHEMFILMSTRIP);
SHOW(0,IDS_CHEMS);'),

--  M06_CYCLE_COMP2  ----------------------------
('M06_CYCLE_COMP2','0', '10', 'WAIT', '', 'SIG_INC1', ''),
('M06_CYCLE_COMP2','0', '10', 'WAIT', '', 'SIG_DEC1', ''), 
('M06_CYCLE_COMP2','0', '10', 'WAIT', '', 'SIG_SHOW', ''),

('M06_CYCLE_COMP2','10', '0', 'Z_EPSILON','','',
'REF_MACHINE(WIP1);
predicate cardmach(id,chem2);
cardmach(R_WPARM,?BFRAME);
MAPi(BFRAME,S06_CHEMFILMSTRIP);
SHOW(0,IDS_CHEMS);'),

--  M06_CYCLE_COMP3  ----------------------------
('M06_CYCLE_COMP3','0', '10', 'WAIT', '', 'SIG_INC1', ''),
('M06_CYCLE_COMP3','0', '10', 'WAIT', '', 'SIG_DEC1', ''), 
('M06_CYCLE_COMP3','0', '10', 'WAIT', '', 'SIG_SHOW', ''),

('M06_CYCLE_COMP3','10', '0', 'Z_EPSILON','','',
'REF_MACHINE(WIP1);
predicate cardmach(id,cost);
cardmach(R_WPARM,?BFRAME);
SHOW(0,IDS_VIALCNT);'),

-----------------------------
('M06_TEMPL_EJECT_BTN','0', '0', 'CLICK', '', '', 'PLAYWAVE(SOUND_CLICK);SIGNAL(WIP1, SIG_EJECT);'),
------------------------------
('M06_EJECT_TEMPL_ANIM','0', '1', 'C_ACCEPT', '', 'IDC_TEMPLATE', ''),  
('M06_EJECT_TEMPL_ANIM','1', '30', 'DROP', '', '', ''),
('M06_EJECT_TEMPL_ANIM','1', '5', 'WAIT', '', 'SIG_EJECT', ''),
('M06_EJECT_TEMPL_ANIM','5', '20', 'SHOW', '0', 'IDS_TEMPEJEC', 'ANIMATE(0);PLAYWAVE(SOUND_CARDEJECT);'),
('M06_EJECT_TEMPL_ANIM', '20', '0', 'GRAB', '0', '0', 'CLEAR(WOBJECT); CLEAR(WSPRITE); SHOW(0);'),
('M06_EJECT_TEMPL_ANIM','30', '31', 'SHOW', '0', 'IDS_TEMPEJEC', 'ANIMATE(0,V_REVERSE);PLAYWAVE(SOUND_CARDEJECT);'),
('M06_EJECT_TEMPL_ANIM','31', '32','MOV', 'WPARM', 'WOBJECT', 'MAPi(WPARM,S06_TEMP_INDEX);'), --0-35
('M06_EJECT_TEMPL_ANIM','32', '0','SIGNAL', 'WIP4', 'SIG_SHOW', 'SIGNAL(WIP1,SIG_SHOW);SIGNAL(WIP2,SIG_SHOW);SIGNAL(WIP3,SIG_SHOW);');
